-- MySQL dump 10.13  Distrib 5.6.15, for Win64 (x86_64)
--
-- Host: localhost    Database: huellitas00
-- ------------------------------------------------------
-- Server version	5.6.15-enterprise-commercial-advanced-log

/*!40101 SET @OLD_CHARACTER_SET_CLIENT=@@CHARACTER_SET_CLIENT */;
/*!40101 SET @OLD_CHARACTER_SET_RESULTS=@@CHARACTER_SET_RESULTS */;
/*!40101 SET @OLD_COLLATION_CONNECTION=@@COLLATION_CONNECTION */;
/*!40101 SET NAMES utf8 */;
/*!40103 SET @OLD_TIME_ZONE=@@TIME_ZONE */;
/*!40103 SET TIME_ZONE='+00:00' */;
/*!40014 SET @OLD_UNIQUE_CHECKS=@@UNIQUE_CHECKS, UNIQUE_CHECKS=0 */;
/*!40014 SET @OLD_FOREIGN_KEY_CHECKS=@@FOREIGN_KEY_CHECKS, FOREIGN_KEY_CHECKS=0 */;
/*!40101 SET @OLD_SQL_MODE=@@SQL_MODE, SQL_MODE='NO_AUTO_VALUE_ON_ZERO' */;
/*!40111 SET @OLD_SQL_NOTES=@@SQL_NOTES, SQL_NOTES=0 */;

--
-- Current Database: `huellitas00`
--

CREATE DATABASE /*!32312 IF NOT EXISTS*/ `huellitas00` /*!40100 DEFAULT CHARACTER SET utf8 */;

USE `huellitas00`;

--
-- Table structure for table `catalogs`
--

DROP TABLE IF EXISTS `catalogs`;
/*!40101 SET @saved_cs_client     = @@character_set_client */;
/*!40101 SET character_set_client = utf8 */;
CREATE TABLE `catalogs` (
  `name` varchar(16) NOT NULL,
  `valor` varchar(16) NOT NULL,
  PRIMARY KEY (`name`,`valor`)
) ENGINE=InnoDB DEFAULT CHARSET=utf8;
/*!40101 SET character_set_client = @saved_cs_client */;

--
-- Dumping data for table `catalogs`
--

LOCK TABLES `catalogs` WRITE;
/*!40000 ALTER TABLE `catalogs` DISABLE KEYS */;
/*!40000 ALTER TABLE `catalogs` ENABLE KEYS */;
UNLOCK TABLES;

--
-- Table structure for table `pricelists`
--

DROP TABLE IF EXISTS `pricelists`;
/*!40101 SET @saved_cs_client     = @@character_set_client */;
/*!40101 SET character_set_client = utf8 */;
CREATE TABLE `pricelists` (
  `pricelist_id` smallint(5) unsigned NOT NULL AUTO_INCREMENT,
  `fecha` date NOT NULL,
  `providers` smallint(5) unsigned NOT NULL,
  `purchases` smallint(5) unsigned NOT NULL,
  `products` smallint(5) unsigned NOT NULL,
  `articles` smallint(5) unsigned NOT NULL,
  `investment` decimal(8,2) NOT NULL,
  `revenue` decimal(8,2) NOT NULL,
  PRIMARY KEY (`pricelist_id`)
) ENGINE=InnoDB AUTO_INCREMENT=9 DEFAULT CHARSET=utf8;
/*!40101 SET character_set_client = @saved_cs_client */;

--
-- Dumping data for table `pricelists`
--

LOCK TABLES `pricelists` WRITE;
/*!40000 ALTER TABLE `pricelists` DISABLE KEYS */;
INSERT INTO `pricelists` VALUES (3,'2014-09-08',6,6,23,42,2500.75,6315.00),(4,'2014-10-06',7,9,46,67,2462.70,7177.00),(5,'2014-10-13',7,9,30,73,2094.44,5668.00),(6,'2014-10-20',6,8,19,27,1728.87,4237.00),(7,'2014-10-27',6,6,24,42,2024.68,5864.00),(8,'2014-11-03',6,6,18,38,1297.98,3943.00);
/*!40000 ALTER TABLE `pricelists` ENABLE KEYS */;
UNLOCK TABLES;

--
-- Table structure for table `pricelists_products`
--

DROP TABLE IF EXISTS `pricelists_products`;
/*!40101 SET @saved_cs_client     = @@character_set_client */;
/*!40101 SET character_set_client = utf8 */;
CREATE TABLE `pricelists_products` (
  `pricelist_id` smallint(5) unsigned NOT NULL,
  `product_id` smallint(5) unsigned NOT NULL,
  `quantity` smallint(5) unsigned NOT NULL,
  `price` decimal(8,2) NOT NULL,
  `purchases` smallint(5) unsigned NOT NULL,
  `providers` smallint(5) unsigned NOT NULL,
  PRIMARY KEY (`pricelist_id`,`product_id`)
) ENGINE=InnoDB DEFAULT CHARSET=utf8;
/*!40101 SET character_set_client = @saved_cs_client */;

--
-- Dumping data for table `pricelists_products`
--

LOCK TABLES `pricelists_products` WRITE;
/*!40000 ALTER TABLE `pricelists_products` DISABLE KEYS */;
INSERT INTO `pricelists_products` VALUES (3,9,3,85.00,1,1),(3,10,4,75.00,1,1),(3,11,1,255.00,1,1),(3,12,1,245.00,1,1),(3,13,1,200.00,1,1),(3,14,1,200.00,1,1),(3,15,2,230.00,1,1),(3,16,1,95.00,1,1),(3,19,1,185.00,1,1),(3,22,2,135.00,1,1),(3,23,8,110.00,1,1),(3,24,2,105.00,1,1),(3,26,1,180.00,1,1),(3,27,1,293.00,1,1),(3,30,1,260.00,1,1),(3,31,1,195.00,1,1),(3,32,1,234.00,1,1),(3,34,1,188.00,1,1),(3,36,1,228.00,1,1),(3,38,1,390.00,1,1),(3,42,3,134.00,1,1),(3,43,2,110.00,1,1),(3,44,2,85.00,1,1),(4,45,2,92.00,1,1),(4,46,1,113.00,1,1),(4,47,2,95.00,1,1),(4,48,1,115.00,1,1),(4,49,1,125.00,1,1),(4,50,2,134.00,1,1),(4,51,2,130.00,1,1),(4,52,1,135.00,1,1),(4,53,1,175.00,1,1),(4,54,1,195.00,1,1),(4,55,2,26.00,1,1),(4,56,3,28.00,1,1),(4,57,3,65.00,1,1),(4,58,4,65.00,1,1),(4,59,1,198.00,1,1),(4,60,1,70.00,1,1),(4,61,1,120.00,1,1),(4,62,1,125.00,1,1),(4,63,1,137.00,1,1),(4,64,1,220.00,1,1),(4,65,1,271.00,1,1),(4,66,1,328.00,1,1),(4,67,1,70.00,1,1),(4,68,1,80.00,1,1),(4,69,1,90.00,1,1),(4,70,1,70.00,1,1),(4,71,2,120.00,1,1),(4,72,2,20.00,1,1),(4,73,2,60.00,1,1),(4,74,2,65.00,1,1),(4,75,1,135.00,1,1),(4,76,1,195.00,1,1),(4,77,1,135.00,1,1),(4,78,1,195.00,1,1),(4,79,2,298.00,1,1),(4,80,1,45.00,1,1),(4,81,1,55.00,1,1),(4,82,2,70.00,1,1),(4,83,1,250.00,1,1),(4,84,1,130.00,1,1),(4,85,1,84.00,1,1),(4,86,2,55.00,1,1),(4,87,1,104.00,1,1),(4,88,1,57.00,1,1),(4,89,2,55.00,1,1),(4,90,2,88.00,1,1),(5,45,2,92.00,1,1),(5,52,1,135.00,1,1),(5,67,2,70.00,2,1),(5,69,2,90.00,2,1),(5,75,1,135.00,1,1),(5,76,1,195.00,1,1),(5,85,3,84.00,1,1),(5,86,3,55.00,1,1),(5,91,2,145.00,2,2),(5,92,1,205.00,1,1),(5,93,2,250.00,1,1),(5,94,3,45.00,1,1),(5,95,3,43.00,1,1),(5,96,3,39.00,1,1),(5,97,1,21.00,1,1),(5,98,1,140.00,1,1),(5,100,2,115.00,1,1),(5,102,1,185.00,1,1),(5,103,20,5.00,1,1),(5,104,1,300.00,1,1),(5,105,6,95.00,1,1),(5,106,1,40.00,1,1),(5,107,2,72.00,1,1),(5,108,3,40.00,1,1),(5,109,1,150.00,1,1),(5,110,1,175.00,1,1),(5,111,1,135.00,1,1),(5,112,1,145.00,1,1),(5,113,1,181.00,1,1),(5,114,1,270.00,1,1),(6,45,2,92.00,1,1),(6,84,2,130.00,1,1),(6,112,1,145.00,1,1),(6,115,1,99.00,1,1),(6,116,2,50.00,2,2),(6,117,2,95.00,1,1),(6,118,3,39.00,1,1),(6,119,1,790.00,1,1),(6,120,1,380.00,1,1),(6,121,2,130.00,1,1),(6,122,1,135.00,1,1),(6,123,1,133.00,1,1),(6,124,2,150.00,1,1),(6,125,1,165.00,1,1),(6,126,1,185.00,1,1),(6,128,1,155.00,1,1),(6,129,1,210.00,1,1),(6,130,1,165.00,1,1),(6,131,1,264.00,1,1),(7,42,1,134.00,1,1),(7,43,1,110.00,1,1),(7,44,2,85.00,1,1),(7,50,2,150.00,1,1),(7,51,1,130.00,1,1),(7,112,1,145.00,1,1),(7,121,4,130.00,1,1),(7,128,1,155.00,1,1),(7,129,1,210.00,1,1),(7,132,2,219.00,2,2),(7,133,1,270.00,1,1),(7,134,1,200.00,1,1),(7,135,3,70.00,1,1),(7,136,2,60.00,1,1),(7,137,2,80.00,1,1),(7,138,2,80.00,1,1),(7,139,1,275.00,1,1),(7,140,4,115.00,1,1),(7,141,4,60.00,1,1),(7,142,1,228.00,1,1),(7,143,1,230.00,1,1),(7,144,1,225.00,1,1),(7,145,1,230.00,1,1),(7,146,2,272.00,1,1),(8,20,1,86.00,1,1),(8,21,2,99.00,2,2),(8,22,1,112.00,1,1),(8,83,1,250.00,1,1),(8,85,3,84.00,1,1),(8,117,3,95.00,1,1),(8,140,3,115.00,1,1),(8,147,1,110.00,1,1),(8,148,1,130.00,1,1),(8,149,1,210.00,1,1),(8,150,1,150.00,1,1),(8,151,10,18.00,1,1),(8,153,1,450.00,1,1),(8,154,3,55.00,1,1),(8,158,1,125.00,1,1),(8,159,1,705.00,1,1),(8,160,2,35.00,1,1),(8,161,2,60.00,1,1);
/*!40000 ALTER TABLE `pricelists_products` ENABLE KEYS */;
UNLOCK TABLES;

--
-- Table structure for table `products`
--

DROP TABLE IF EXISTS `products`;
/*!40101 SET @saved_cs_client     = @@character_set_client */;
/*!40101 SET character_set_client = utf8 */;
CREATE TABLE `products` (
  `product_id` smallint(5) unsigned NOT NULL AUTO_INCREMENT,
  `code` varchar(16) DEFAULT NULL,
  `name` varchar(40) NOT NULL,
  `description` varchar(100) DEFAULT NULL,
  `size` varchar(3) NOT NULL,
  `brand` varchar(20) DEFAULT NULL,
  `inventory_h` int(11) NOT NULL,
  `inventory` int(11) NOT NULL,
  `cost` decimal(8,2) NOT NULL,
  `price` decimal(8,2) NOT NULL,
  `providers` smallint(6) NOT NULL,
  PRIMARY KEY (`product_id`)
) ENGINE=InnoDB AUTO_INCREMENT=162 DEFAULT CHARSET=utf8;
/*!40101 SET character_set_client = @saved_cs_client */;

--
-- Dumping data for table `products`
--

LOCK TABLES `products` WRITE;
/*!40000 ALTER TABLE `products` DISABLE KEYS */;
INSERT INTO `products` VALUES (9,'','','BUFANDA DE ESTAMBRE LATIDOS','S','LATIDOS',3,0,25.00,85.00,1),(10,'','SOMBRERO DE CHARRO','SOMBRERO DE CHARRO LATIDOS','S','LATIDOS',4,0,25.00,75.00,1),(11,'','ROMPEVIENTOS T6','ROMPEVIENTOS DOBLE VISTA LATIDOS T6','T6','LATIDOS',1,0,150.00,255.00,1),(12,'','ROMPEVIENTOS T5','ROMPEVIENTOS DOBLE VISTA LATIDOS T5','T5','LATIDOS',1,0,130.00,245.00,1),(13,'','ROMPEVIENTOS T2','ROMPEVIENTOS DOBLE VISTA LATIDOS T2','T2','LATIDOS',1,0,100.00,200.00,1),(14,'','ROMPEVIENTOS T2M','ROMPEVIENTOS DOBLE VISTA LATIDOS T2M','T2M','LATIDOS',1,0,100.00,200.00,1),(15,'','CAMISA T5','CAMISA A CUADROS T5 LATIDOS','T5','LATIDOS',2,0,85.00,230.00,1),(16,'','PLAYERA  SIN MANGA T0','PLAYERA SIN MANGA LATIDOS T0','T0','LATIDOS',1,0,35.00,95.00,1),(17,'','PLAYERA  SIN MANGA T1','PLAYERA SIN MANGA LATIDOS T1','T1','LATIDOS',1,1,35.00,0.00,1),(18,'','PLAYERA  SIN MANGA T4','PLAYERA SIN MANGA LATIDOS T4','T4','LATIDOS',1,1,35.00,0.00,1),(19,'','PLAYERA  SIN MANGA T6','PLAYERA SIN MANGA LATIDOS T6','T6','LATIDOS',1,0,35.00,185.00,1),(20,'','CLACETINES PETS INC','CALCETINES IS PET S','S','IS PET',2,1,30.00,86.00,2),(21,'','CALCETINES PETS INC','CALCETINES IS PET M','M','IS PET',3,1,30.00,99.00,2),(22,'','CALCETINES PETS INC','CALCETINES IS PET L','L','IS PET',4,1,30.00,112.00,2),(23,'','DIJE CHINO','DIJE PLACAS HUESO METALICAS CONTORNO COLOR','U','CHINO',24,16,10.00,110.00,1),(24,'R15458-11-18','MANO DE CHANGO','MANO DE CHANGO ROMPENUDOS MANGO ROJO CHINO','U','CHINO',3,1,24.00,105.00,1),(25,'R-14284-2-50','ZAPATILLA CON CALCETIN','ZAPATILLA CON CALCETIN CHINO T1','T1','CHINO',1,1,65.00,0.00,1),(26,'R-14284-2-50','ZAPATILLA CON CALCETIN','ZAPATILLA CON CALCETIN CHINO T4','T4','CHINO',2,1,65.00,180.00,1),(27,'DG207','F ESPECIALES','CORREA REDONDA NARANJA L','L','DOGNESS',2,1,146.25,293.00,1),(28,'DG208','F ESPECIALES','CORREA REDONDA NARANJA M','M','DOGNESS',2,2,130.00,0.00,1),(29,'DG210','F ESPECIALES A L','CORREA REDONDA AZUL L','L','DOGNESS',1,1,146.25,0.00,1),(30,'DG211','F ESPECIALES A M','CORREA REDONDA AZUL M','M','DOGNESS',1,0,130.00,260.00,1),(31,'DG152','F ESPECIALES CSG-C M','CORREA DE SEGURIDAD GRIS-CAFE M','M','DOGNESS',2,1,97.50,195.00,1),(32,'DG216','F ESPECIALES CSG-N L','CORREA DE SEGURIDAD GRIS-NEGRO L','L','DOGNESS',2,1,117.00,234.00,1),(33,'DG068','ELEGANCE CER M','COLLAR ELEGANCE ROJO M','M','DOGNESS',1,1,107.25,0.00,1),(34,'DG166','ELEGANCE CEA S','COLLAR ELEGANCE AMARILLO S','S','DOGNESS',1,0,94.25,188.00,1),(35,'DG225','ELEGANCE CEA M','COLLAR ELEGANCE AMARILLO M','M','DOGNESS',1,1,107.25,0.00,1),(36,'DG167','ELEGANCE COEA S','CORREA ELEGANCE AMARILLO S','S','DOGNESS',1,0,113.75,228.00,1),(37,'DG227','ELEGANCE COEA M','CORREA ELEGANCE AMARILLO M','M','DOGNESS',1,1,146.25,0.00,1),(38,'','CAMA SC S','CAMA SHERPA CAFE S','S','ANIMAL PLANET',1,0,249.00,390.00,1),(39,'','CAMA SG S','CAMA SHERPA GRIS S','S','ANIMAL PLANET',1,1,249.00,0.00,1),(40,'','CAMA SA S','CAMA SHERPA ARENA S','S','ANIMAL PLANET',1,1,249.00,0.00,1),(41,'','CAMA OF S','CAMA OLD FASHION S','S','ANIMAL PLANET',2,2,125.00,0.00,1),(42,'RGO5','GORRA U 5','GORRA UNISEX T5','T5','S/M',4,0,35.00,134.00,2),(43,'RGO4','GORRA U 4','GORRA UNISEX T4','T4','S/M',3,0,35.00,110.00,2),(44,'RGO3','GORRA U 3','GORRA UNISEX T3','T3','S/M',4,0,35.00,85.00,2),(45,'MAQKL','JUGUETE POLLO MOVIBLE','RATÓN DE CUERDA ECOPET/QUALITY PET','U','ECOPET',10,4,21.50,92.00,1),(46,'HD91243','DOGI LE SALON PEINE ANTIPULGAS','PEINE CH ROJO CON CERDAS CERRADAS METAL LE SALON ESSENTIALS','U','LE SALON',1,0,73.00,113.00,1),(47,'MCAR 4','COLLAR PIEL CAPRICHO','COLLAR DE PIEL CAPRICHO T-4','4','CAPRICHO',2,0,23.00,95.00,1),(48,'MCAR6','COLLAR PIEL CAPRICHO','COLLAR DE PIEL CAPRICHO T-6','T6','CAPRICHO',1,0,28.00,115.00,1),(49,'MCAR7','COLLAR PIEL CAPRICHO','COLLAR DE PIEL CAPRICHO T-7','T7','CAPRICHO',1,0,36.00,125.00,1),(50,'RGOG','GORRA  ACOGINADA','GORRA ACOGINADA ROTA T8','T8','ROTA PET',4,0,55.10,150.00,1),(51,'DIZ1','DIZ CALABAZA ','DISFRAZ CALABAZA T-0','T0','ROTA PET',3,0,45.00,130.00,2),(52,'DIZ1','VESTIDO BRÚJA','DISFRAZ VESTIDO BRÚJA T-0  NEGRO / NARANJA','T0','ROMI PETS',2,0,35.00,135.00,1),(53,'DIZ1','DIZ VAMPIRO','DISFRAZ VAMPIRO T-3  NEGRO,BLANCO,CAPAROJA','T3','ROMI PETS',1,0,35.00,175.00,1),(54,'DIZ1','VESTIDO BRÚJA','DISFRAZ VESTIDO BRÚJA T-6  NEGRO / DORADO','T6','ROMI PETS',1,0,35.00,195.00,1),(55,'','DENTASTIX','PAQUETE DENTASTIX ADULTO/RAZAS PEQ. 3 PZAS PEDIGREE','CH','PEDIGREE',2,0,19.50,26.00,1),(56,'','DENTASTIX','PAQUETE DENTASTIX ADULTO/RAZAS MED Y GRAN. 3 PZAS PEDIGREE','M/G','PEDIGREE',3,0,23.00,28.00,1),(57,'','VARA ECOPLAY','JUGUETE ECOPLAY P/GATO DE VARITA','U','ECOPLAY',3,0,30.00,65.00,1),(58,'','COBIJA DOGCHOW','COBIJA P/PERRO DOG CHOW BORREGA VERDE','U','DOG CHOW',4,0,15.00,65.00,1),(59,'','CAMA ESCOCESA','CAMA ESCOCESA CH  ROJO/VERDE T-0','TO','ROMI PETS',1,0,60.00,198.00,1),(60,'','COLLAR  ESTOPEROL','COLLAR C/ESTOPEROL T-12','T12','',1,0,26.50,70.00,1),(61,'','COLLAR  ESTOPEROL','COLLAR C/ESTOPEROL T-14','T14','',1,0,30.00,120.00,1),(62,'','COLLAR  ESTOPEROL','COLLAR C/ESTOPEROL T-16','T16','',1,0,36.00,125.00,1),(63,'','COLLAR LED','COLLAR DE LED CH','CH','CHINO',1,0,55.00,137.00,1),(64,'','COLLAR LED','COLLAR DE LED GRANDE','G','CHINO',1,0,55.00,220.00,1),(65,'','CHALECO HARLEY','CHALECO HARLEY MOTOCICLISTA T-0','T0','',1,0,95.00,271.00,1),(66,'','CHALECO HARLEY','CHALECO HARLEY MOTOCICLISTA T-2 CAFÉ OSCURO','T2','',1,0,115.00,328.00,1),(67,'','COLLAR ANTIPULGAS','COLLAR ANTIPULGAS P/PERRO CH HARTZ','CH','HARTZ',6,3,26.00,70.00,1),(68,'','COLLAR ANTIPULGAS','COLLAR ANTIPULGAS P/PERRO M HARTZ','M','HARTZ',2,1,26.00,80.00,1),(69,'','COLLAR ANTIPULGAS','COLLAR ANTIPULGAS P/PERRO G HARTZ','G','HARTZ',6,3,26.00,90.00,1),(70,'','COLLAR ANTIPULGAS GATO','COLLAR ANTIPULGAS P/GATO  HARTZ','U','HARTZ',2,1,26.00,70.00,1),(71,'','MORDEDERA TORTUGA','MORDEDERA DE TELA ECOLÓGICA TORTUGA C/SILVATO','U','',4,2,25.00,120.00,1),(72,'','PALIACATES CORDON','PALIACATES SENCILLOS CON CORDONCITO','M','',2,0,9.00,20.00,1),(73,'','MORDEDERA JIRAFA','MORDEDERA DE TELA ECOLÓGICA JIRAFA C/SILVATO','','BENEFUL',2,0,9.00,60.00,1),(74,'','MORDEDERA MONSTRUO','MORDEDERA MOSTRUO CON SILBATO VAMPIRO','','BENEFUL',2,0,15.00,65.00,1),(75,'','DIZ DIABLITA','DISFRAZ DIABLITA ROJO BRILLANTE CON LENTEJUELA T-0','T0','',2,0,45.00,135.00,2),(76,'','DIZ DIABLITA','DISFRAZ DIABLITA ROJO BRILLANTE CON LENTEJUELA T-4','T4','',2,0,65.00,195.00,2),(77,'','DIZ VAMPIRO TAISAC','DISFRAZ VAMPIRO T-0  NEGRO,BLANCO,CAPA NEGRA TAISAC','T0','TAISAC',1,0,40.00,135.00,1),(78,'','DIZ MERLINA','DISFRAZ VESTIDO  MERLINA T-3  NEGRO / BLANCO TAISAC ','T3','TAISAC',1,0,50.00,195.00,1),(79,'','ABRIGO BOINA','ABRIGO  C/BOINA T-10','T10','GRAN CAN',2,0,120.00,298.00,1),(80,'','GORRO PLANO','GORRO PLANO SENCILLO T-2','T2','GRAN CAN',1,0,20.00,45.00,1),(81,'','GORRO PLANO','GORRO PLANO SENCILLO T-3','T3','GRAN CAN',1,0,20.00,55.00,1),(82,'','GORRO PLANO','GORRO PLANO SENCILLO T-5','T5','GRAN CAN',2,0,20.00,70.00,1),(83,'','RASCADERO GC','RASCADERO P/GATO CH  CON FLOR ABEJA','CH','GRAN CAN',2,0,102.00,250.00,1),(84,'','LOCIÓN TORNADO','LOCIÓN TORNADO 250ML','250','TORNADO',5,2,36.50,130.00,1),(85,'','JGTE HILO HUESO','JUGUETE MORDEDERA DE HILO CON HUESO PLASTICO 21CM','21','ECOPET',7,0,21.50,84.00,1),(86,'','CARNASA GRANEL','CARNASA DE HUESO A GRANEL 9-10 PULGADAS','910','',7,2,37.90,55.00,2),(87,'','SHAMPOO GATO','SHAMPOO PARA GATO HARTZ GROOMERS BEST 444ML','444','HARTZ',1,0,49.00,104.00,1),(88,'','SHAMPOO ANTIPULGAS','SHAMPOO ANTIPULGAS PUPPY KITTY 250ML','250','BIOMA',1,0,22.00,57.00,1),(89,'','JABÓN ASUNTOL','JABÓN ANTIPULGAS ASUNTOL DE 100G','100','BAYER',3,1,30.00,55.00,1),(90,'','JABÓN VETRIDERM','JABÓN DERMATOLÓGICO VETRIDERM DE 100G','100','BAYER',2,0,51.00,88.00,1),(91,'DIZ1','VESTIDO BRÚJA','DISFRAZ VESTIDO BRÚJA T-1 NEGRO / NARANJA','T1','GRAN CAN',2,0,35.00,145.00,2),(92,'DIZ7','VESTIDO BRÚJA','DISFRAZ VESTIDO BRÚJA T-7 NEGRO / NARANJA CALABAZAS','T7','GRAN CAN',1,0,30.00,205.00,1),(93,'PCORRM',' PECHERA Y CORREA','JGO PECGERA Y CORREA NYLON MEDIANA','TM','GRAN CAN',3,1,72.00,250.00,1),(94,'COLL3',' PALIACATE T3','COLLAR PALIACATE T3','T3','GRAN CAN',3,0,16.00,45.00,1),(95,'COLL2',' PALIACATE T2','COLLAR PALIACATE T2','T2','GRAN CAN',3,0,16.00,43.00,1),(96,'COLL0',' PALIACATE T0','COLLAR PALIACATE T0','T0','GRAN CAN',3,0,16.00,39.00,1),(97,'','CARNADA P/GATO ','JUGUETE ECOPLAY P/GATO ,JUEGO DE 3 RATONES','U','ECOPLAY',2,1,27.00,21.00,1),(98,'','SHAMPOO BOLFO','SHAMPOO BOLFO ,ELIMINA PIOJOS,PULGASY GARRAPATAS 350ML ','U','BAYER',2,1,98.00,140.00,1),(99,'','JUEGO P/GATO 3 PZAS','JUGUETE ECOPLAY P/GATO ,JUEGO DE 3 RATONES CARNADA','U','ECOPLAY',0,0,0.00,0.00,0),(100,'E8119','PUERQUITO LATEX','PUERQUITO DE LATEX C/SILBATO GDE','U','SEVENPET',2,0,76.50,115.00,1),(101,'DIZ1RT','VESTIDO BRÚJA T-1 ROTAPET','DISFRAZ VESTIDO BRÚJA T-0  NEGRO / DORADO','T0','ROMI PETS',0,0,0.00,0.00,0),(102,'DIZ5','VESTIDO BRÚJA T5 ROTA PET','DISFRAZ VESTIDO BRÚJA T-5  NEGRO / MORADO ','T5','GRAN CAN',1,0,35.00,185.00,1),(103,'MHN101','HUESO NUDO CARNAZA 2-3\"','HUESO NUDO CARNAZA AGRANEL 2-3\"','U','PET PLANET',20,0,3.50,5.00,1),(104,'MS14','SWETER HUELLAST14','SWETER HUELLAS T-14 ROSA/MORADO','T14','PET PLANET',1,0,123.75,300.00,1),(105,'Z/1450','JGTE P/AMIGOS OREJONES','JGTE. P/PERRO AMIGUITOS OREJONES CON ATRAYENTE','U','BLUE BUNNY',6,0,37.50,95.00,1),(106,'2517','JGTE ZANAHORIA PEQ','JGTE ZANAHORIA PEQUEÑA P/GATO/PERRO','U','SEVEN PET',1,0,13.50,40.00,1),(107,'1055','JUGUETE LATEX','JUGUETE DE LA TEX 10CM MASCOTA PEQ. PUERQUITO Y LEÓN','U','SEVEN PET',1,-1,23.99,72.00,1),(108,'','LATAS DE COMIDAP/PERRO','LATAS DE COMIDA P/PERRO AVENGERS','U','AVENGERS',3,0,30.00,40.00,1),(109,'','VESTIDO CALABAZA T-0','DISFRAZ  VESTIDO DE CALABAZA T-0','T0','RAY PET',1,0,50.00,150.00,1),(110,'','DIZ CALABAZA  VESTIDO 3','DISFRAZ  VESTIDO DE CALABAZA T-3','T3','RAY PET',1,0,65.00,175.00,1),(111,'','DIZ CALABAZA T1','DIZFRAS CALABAZA T-1 MACHO','T1','RAY PET',1,0,50.00,135.00,1),(112,'','DIZ CALABAZA ','DIZFRAS CALABAZA T-3 MACHO','T3','RAY PET',3,0,60.00,145.00,1),(113,'','DIZ DIABLITA T3','DISFRAZ DIABLITA ROJO BRILLANTE CON LENTEJUELA T-3','T3','RAY PET',1,0,60.00,181.00,1),(114,'','JGO PECHERA GRANDE ','JGO PECHERA Y CORREA  GRANDE DE NYLON ','G','GRAN CAN',1,0,85.00,270.00,1),(115,'10051','CEPILLO DOBLE','CEPILLO DE MADERA CH CON CERDAS Y PICOS DE PUNTA REDONDA','U','SEVENPET',1,0,23.98,99.00,1),(116,'P741','SHAMPOO VITAMINADO ','SHAMPOO VITAMINADO P/PERRO 250 ML.','U','BIOMAA',3,1,24.30,50.00,2),(117,'E10049','GUANTE GOMA ','ALMOHAZA AZUL CH/ GUANTE GOMA P/MASCOTA','CH','SEVENPET',5,0,32.50,95.00,1),(118,'E50452','PALA P/GATO','PALA P GATO AZUL/ROJA CON GATITO EN LA PUNTA','U','ECOPET',3,0,20.72,39.00,1),(119,'MTA/R','MALETA TRANSPORTADORA ','MALETA TRANSPORTADORA AIRPORT','U','SCANINO',1,0,474.94,790.00,1),(120,'','MALETA TRANSP M','MALETA TRANSPORTADORA AIRPORT MEDIANA DE HUELLITAS','M','NUNBELL',1,0,180.00,380.00,1),(121,'','CORREA DE CABLE ','CORREA DE CABLE CON CUENTAS COLORES  DE PLÁSTICO Y MADERA','U','S/M',6,0,42.00,130.00,1),(122,'','COLLAR COLOR C/PIEDRAS','COLLAR DE COLOR C/PIEDRAS (BRILLANTES) T-16','16','NAUTIC-CAN',1,0,47.00,135.00,1),(123,'','COLLAR COLOR C/PIEDRAS','COLLAR DE COLOR C/PIEDRAS (BRILLANTES) T-14','T14','NAUTIC-CAN',1,0,35.00,133.00,1),(124,'DIZ1','DIZ DIABLITA T-1','DISFRAZ DIABLITA ROJO BRILLANTE CON LENTEJUELA T-1','T1','RAY PET',2,0,50.00,150.00,1),(125,'DIZ2','DIZ CALABAZA  VESTIDO 2','DISFRAZ  VESTIDO DE CALABAZA T-2','T2','RAY PET',1,0,60.00,165.00,1),(126,'DIZ4','DIZ CALABAZA  VESTIDO 4','DISFRAZ  VESTIDO DE CALABAZA T-4','T4','RAY PET',1,0,70.00,185.00,1),(128,'DIZ4','DIZ CALABAZA 4','DIZFRAS CALABAZA T-4 MACHO','T4','RAY PET',2,0,65.00,155.00,1),(129,'','CAPA FBI','CAPA FBI T6','T6','RAY PET',2,0,75.00,210.00,1),(130,'','CHALECO POLAR','CHALECO POLAR ROJO T6','T6','SHOW PET',1,0,70.00,165.00,1),(131,'','CHAMARRA FBI ','CHAMARRA FBI T-6 AFELTADA','T6','GRAN CAN',1,0,80.00,264.00,1),(132,'MS5','SWETER HUELLAS','SWETER HUELLAS T-5 ROSA/FIUSHA','T5','PELLOWN',2,0,60.50,219.00,2),(133,'MS9','SWETER HUELLAS','SWETER HUELLAS T-9 TEJIDO, CON FIGURAS','T9','PELLOWN',1,0,60.49,270.00,1),(134,'FL3745-100','PALITOS DE SABORES 100PZAS','PALITOS DE SABORES DE CARNAZA 100PZAS (BOLSAS CON 10 PZAS)','100','FANCY PETS',1,0,84.00,200.00,1),(135,'032700902812','CEPILLO GATO P/REDONDA','CEPILLO PARA GATO PUNTA REDONDA  MORADO PUNTAS BLANCAS','U','HARTZ',3,0,26.00,70.00,1),(136,'RGO0','GORRA U 0','GORRA ACOGINADA ROTA T0','T0','S/M',2,0,25.00,60.00,1),(137,'','ENTRENADOR ATRAYENTE','ENTRENADOR EN SPRAY ATRAYENTE PARA PERRO  250ML','250','PET SYSTEM',2,0,39.50,80.00,1),(138,'','ENTRENADOR REPELENTE','ENTRENADOR EN SPRAY REPELENTE PARA PERRO  250ML','250','PET SYSTEM',2,0,39.50,80.00,1),(139,'','CORREA Y PECHERA R/MARIPOSA','CORREA Y PECHERA REFLEJANTE DE NYLON ESTAMPADOS MARIPOSA','U','NACIONAL',1,0,90.00,275.00,1),(140,'LPPACER','PLACA ACERO','PLACA DE ACERO LISA MEDIANA PULIDA EN FORMA DE HUESO','U','NACIONAL',7,0,45.00,115.00,1),(141,'SPCOB','COBIJA SENCILLA POLAR','COBIJA P/PERRO DOG  SENCILLA POLAR','U','SHOW PET',4,0,15.00,60.00,1),(142,'','CAPA FBI','CAPA FBI T7 MILITAR','T7','RAY PET',1,0,80.00,228.00,1),(143,'','PLAYERA POLO','PLAYERA  POLO T7 MANGA CORTA','T7','RAY PET',1,0,75.00,230.00,1),(144,'','SUDADERA UNIVERSITARIA','SUDADERA AFELPADA DE BELCRO UNIVERSITARIA T5','T5','RAY PET',1,0,70.00,225.00,1),(145,'','SUDADERA UNIVERSITARIA','SUDADERA AFELPADA DE BELCRO UNIVERSITARIA T6','T6','RAY PET',1,0,75.00,230.00,1),(146,'FPABGP','ABRIGO GORRA ESQ','ABRIGO  CON GORRA ESQUIMAL Y BOTONES FRIJOL MADERA','S','FANTASY PETS',2,0,90.00,272.00,1),(147,'','PANTOLON TIRANTES','PANTALON TIRANTES CON ESTAMPADO T0','T0','GRAN CAN',1,0,20.00,110.00,1),(148,'','PANTOLON TIRANTES','PANTALON TIRANTES CON ESTAMPADO T-2','T2','GRAN CAN',1,0,20.00,130.00,1),(149,'','CHAMARRA FLOR ','CHAMARRA CON GORRO ESTAMPADA FORRO POLAR T-3','T3','GRAN CAN',1,0,75.00,210.00,1),(150,'SDR-116','FRISBEE P/ PERRO','FRISBEE P/PERRO  FLOTANTE DE PLÁSTICO AZUL','U','DOGGY',1,0,70.00,150.00,1),(151,'MBAG-B1','BOLSA BIODEGRADABLE','BOLSA PARA HECES FECALES BIODEGRADABLE CON 25 BOLSAS.','U','PET PLANET',10,0,7.00,18.00,1),(152,'E50433','JUGUETE P/MASCOTA','JUGUETE P/ MASCOTA NO TÓXICO DE 21 CM, EN FORMA DE HUESO CON HILO EN MEDIO','U','ECOPET',0,0,0.00,0.00,0),(153,'MTA20','TRANSPORTADORA ','TRANSPORTADORA CH 20\" DE PLÁSTICO C/PUERTA DE METAL P/ AVIÓN','20','KENNEL',1,0,250.00,450.00,1),(154,'MO1339','ELIMINADOR DE OLORES','ELIMINADOR DE OLORES BIOCONCENTRADO 24ML','U','PIDDLE PLACE',3,0,6.66,55.00,1),(155,'','CALCETINES ','CALCETINES P / PERO  T-S','S','HAINING LITIAN ',0,0,0.00,0.00,0),(156,'','CALCETINES  HLS','CALCETINES P / PERO  T-M','M','HAINING LITIAN ',0,0,0.00,0.00,0),(157,'','CALCETINES  HLS','CALCETINES P / PERO  T-L','L','HAINING LITIAN ',0,0,0.00,0.00,0),(158,'','CALCETINES  PETEXP','CALCETINES P / PERO  T-LL PETEXP','LL','PET EXPERT',1,0,30.00,125.00,1),(159,'','BLISTER LISTONES','BLISTER DE LISTÓN C/15 PZAS ,COLLAR P/GATO CON CASCABEL','15','LUPI PEZ',1,0,110.00,705.00,1),(160,'','TOALLAS SANITARIAS','TOALLAS SANITARIAS CH CON 20 PZAS','CH','FANCY PETS',4,2,9.50,35.00,1),(161,'','JUEGO P/GATO SHOP','JUGUETE P/GATO EN FORMA DE PEZ /SHOP PET','U','PURINA',4,2,10.00,60.00,1);
/*!40000 ALTER TABLE `products` ENABLE KEYS */;
UNLOCK TABLES;

--
-- Table structure for table `products_prices`
--

DROP TABLE IF EXISTS `products_prices`;
/*!40101 SET @saved_cs_client     = @@character_set_client */;
/*!40101 SET character_set_client = utf8 */;
CREATE TABLE `products_prices` (
  `price` decimal(8,2) unsigned NOT NULL,
  `product_id` smallint(5) unsigned NOT NULL,
  `fecha` timestamp NOT NULL DEFAULT CURRENT_TIMESTAMP ON UPDATE CURRENT_TIMESTAMP,
  PRIMARY KEY (`product_id`,`price`,`fecha`)
) ENGINE=InnoDB DEFAULT CHARSET=utf8;
/*!40101 SET character_set_client = @saved_cs_client */;

--
-- Dumping data for table `products_prices`
--

LOCK TABLES `products_prices` WRITE;
/*!40000 ALTER TABLE `products_prices` DISABLE KEYS */;
/*!40000 ALTER TABLE `products_prices` ENABLE KEYS */;
UNLOCK TABLES;

--
-- Table structure for table `products_purchases_providers`
--

DROP TABLE IF EXISTS `products_purchases_providers`;
/*!40101 SET @saved_cs_client     = @@character_set_client */;
/*!40101 SET character_set_client = utf8 */;
CREATE TABLE `products_purchases_providers` (
  `pricelist_id` smallint(5) unsigned NOT NULL,
  `product_id` smallint(5) unsigned NOT NULL,
  `purchase_id` smallint(5) unsigned NOT NULL,
  `provider_id` smallint(5) unsigned NOT NULL,
  `quantity` smallint(5) unsigned NOT NULL,
  `cost` decimal(8,2) NOT NULL,
  PRIMARY KEY (`pricelist_id`,`product_id`,`purchase_id`,`provider_id`)
) ENGINE=InnoDB DEFAULT CHARSET=utf8;
/*!40101 SET character_set_client = @saved_cs_client */;

--
-- Dumping data for table `products_purchases_providers`
--

LOCK TABLES `products_purchases_providers` WRITE;
/*!40000 ALTER TABLE `products_purchases_providers` DISABLE KEYS */;
INSERT INTO `products_purchases_providers` VALUES (3,9,31,8,3,25.00),(3,10,31,8,4,25.00),(3,11,31,8,1,150.00),(3,12,31,8,1,130.00),(3,13,31,8,1,100.00),(3,14,31,8,1,100.00),(3,15,31,8,2,85.00),(3,16,31,8,1,35.00),(3,19,31,8,1,35.00),(3,22,32,9,2,55.00),(3,23,33,10,8,10.00),(3,24,33,10,2,24.00),(3,26,33,10,1,65.00),(3,27,34,11,1,146.25),(3,30,34,11,1,130.00),(3,31,34,11,1,97.50),(3,32,34,11,1,117.00),(3,34,34,11,1,94.25),(3,36,34,11,1,113.75),(3,38,35,12,1,249.00),(3,42,36,13,3,55.00),(3,43,36,13,2,50.00),(3,44,36,13,2,45.00),(4,45,38,14,2,27.50),(4,46,38,14,1,73.00),(4,47,38,14,2,23.00),(4,48,38,14,1,28.00),(4,49,38,14,1,36.00),(4,50,37,15,2,55.10),(4,51,37,15,2,35.00),(4,52,37,15,1,35.00),(4,53,37,15,1,35.00),(4,54,37,15,1,35.00),(4,55,41,20,2,19.50),(4,56,38,14,3,23.00),(4,57,38,14,3,30.00),(4,58,39,16,4,15.00),(4,59,40,15,1,60.00),(4,60,41,20,1,26.50),(4,61,41,20,1,30.00),(4,62,41,20,1,36.00),(4,63,41,20,1,55.00),(4,64,41,20,1,55.00),(4,65,41,20,1,95.00),(4,66,41,20,1,115.00),(4,67,42,19,1,26.00),(4,68,42,19,1,26.00),(4,69,42,19,1,26.00),(4,70,42,19,1,26.00),(4,71,43,16,2,25.00),(4,72,43,16,2,9.00),(4,73,43,16,2,9.00),(4,74,43,16,2,15.00),(4,75,44,17,1,45.00),(4,76,44,17,1,65.00),(4,77,44,17,1,40.00),(4,78,44,17,1,50.00),(4,79,45,18,2,120.00),(4,80,45,18,1,20.00),(4,81,45,18,1,20.00),(4,82,45,18,2,20.00),(4,83,45,18,1,102.00),(4,84,37,15,1,36.50),(4,85,37,15,1,21.50),(4,86,40,15,2,38.00),(4,87,42,19,1,49.00),(4,88,42,19,1,22.00),(4,89,42,19,2,30.00),(4,90,42,19,2,51.00),(5,45,38,14,2,27.50),(5,52,49,15,1,35.00),(5,67,42,19,1,26.00),(5,67,47,19,1,26.00),(5,69,42,19,1,26.00),(5,69,47,19,1,26.00),(5,75,53,23,1,45.00),(5,76,53,23,1,65.00),(5,85,49,15,3,21.50),(5,86,50,21,3,37.90),(5,91,46,18,1,30.00),(5,91,49,15,1,35.00),(5,92,46,18,1,30.00),(5,93,46,18,2,72.00),(5,94,46,18,3,16.00),(5,95,46,18,3,16.00),(5,96,46,18,3,16.00),(5,97,47,19,1,27.00),(5,98,47,19,1,98.00),(5,100,49,15,2,76.50),(5,102,49,15,1,35.00),(5,103,50,21,20,3.50),(5,104,50,21,1,123.75),(5,105,50,21,6,37.50),(5,106,51,14,1,13.50),(5,107,51,14,1,23.99),(5,108,52,22,3,30.00),(5,109,53,23,1,50.00),(5,110,53,23,1,65.00),(5,111,53,23,1,50.00),(5,112,53,23,1,60.00),(5,113,53,23,1,60.00),(5,114,46,18,1,85.00),(6,45,51,14,2,27.50),(6,84,37,15,2,36.50),(6,112,57,23,1,60.00),(6,115,54,14,1,23.98),(6,116,54,14,1,24.49),(6,116,55,15,1,24.30),(6,117,55,15,2,32.50),(6,118,55,15,3,20.72),(6,119,55,15,1,474.94),(6,120,54,14,1,180.00),(6,121,56,20,2,42.00),(6,122,56,20,1,47.00),(6,123,56,20,1,35.00),(6,124,57,23,2,50.00),(6,125,57,23,1,60.00),(6,126,57,23,1,70.00),(6,128,57,23,1,65.00),(6,129,57,23,1,75.00),(6,130,59,16,1,70.00),(6,131,58,18,1,80.00),(7,42,61,15,1,35.00),(7,43,61,15,1,35.00),(7,44,61,15,2,35.00),(7,50,61,15,2,55.10),(7,51,64,23,1,45.00),(7,112,64,23,1,60.00),(7,121,63,20,4,42.00),(7,128,64,23,1,65.00),(7,129,64,23,1,75.00),(7,132,60,21,1,60.49),(7,132,61,15,1,60.50),(7,133,60,21,1,60.49),(7,134,61,15,1,84.00),(7,135,61,15,3,26.00),(7,136,61,15,2,25.00),(7,137,63,20,2,39.50),(7,138,63,20,2,39.50),(7,139,63,20,1,90.00),(7,140,63,20,4,45.00),(7,141,62,16,4,15.00),(7,142,64,23,1,80.00),(7,143,64,23,1,75.00),(7,144,64,23,1,70.00),(7,145,64,23,1,75.00),(7,146,65,24,2,90.00),(8,20,32,9,1,55.00),(8,21,32,9,1,55.00),(8,21,70,20,1,30.00),(8,22,32,9,1,55.00),(8,83,66,18,1,102.00),(8,85,69,15,3,21.50),(8,117,69,15,3,32.50),(8,140,70,20,3,45.00),(8,147,66,18,1,20.00),(8,148,66,18,1,20.00),(8,149,66,18,1,75.00),(8,150,69,15,1,70.00),(8,151,69,15,10,7.00),(8,153,69,15,1,250.00),(8,154,68,21,3,6.66),(8,158,70,20,1,30.00),(8,159,70,20,1,110.00),(8,160,70,20,2,9.50),(8,161,67,16,2,10.00);
/*!40000 ALTER TABLE `products_purchases_providers` ENABLE KEYS */;
UNLOCK TABLES;

--
-- Table structure for table `providers`
--

DROP TABLE IF EXISTS `providers`;
/*!40101 SET @saved_cs_client     = @@character_set_client */;
/*!40101 SET character_set_client = utf8 */;
CREATE TABLE `providers` (
  `provider_id` smallint(5) unsigned NOT NULL AUTO_INCREMENT,
  `name` varchar(16) NOT NULL,
  `razon_social` varchar(40) DEFAULT NULL,
  `rfc` varchar(20) DEFAULT NULL,
  `address1` varchar(40) DEFAULT NULL,
  `address2` varchar(40) DEFAULT NULL,
  `city` varchar(40) DEFAULT NULL,
  `state` varchar(40) DEFAULT NULL,
  `zip` char(5) DEFAULT NULL,
  `country` varchar(40) DEFAULT NULL,
  `phone` varchar(15) DEFAULT NULL,
  `email` varchar(100) DEFAULT NULL,
  `webpage` varchar(40) DEFAULT NULL,
  `contact` varchar(40) DEFAULT NULL,
  `purchases` smallint(6) NOT NULL,
  `products` smallint(6) NOT NULL,
  `articles` smallint(6) NOT NULL,
  `inventory` smallint(6) NOT NULL,
  `investment` decimal(8,2) NOT NULL,
  PRIMARY KEY (`provider_id`)
) ENGINE=InnoDB AUTO_INCREMENT=25 DEFAULT CHARSET=utf8;
/*!40101 SET character_set_client = @saved_cs_client */;

--
-- Dumping data for table `providers`
--

LOCK TABLES `providers` WRITE;
/*!40000 ALTER TABLE `providers` DISABLE KEYS */;
INSERT INTO `providers` VALUES (8,'LATIDOS','LATIDOS DE TU MASCOTA','','','','TLALNEPANTLA','MÉXICO','','MÉXICO','53190534','latidos.mascotas@gmail.com','','',1,11,17,2,927.50),(9,'PETS INC','PETS INC','DIGJ780223C33','CHAPULIN 189','COL LAS PERITAS','XOCHIMILCO','DISTRITO FEDERAL','16010','MÉXICO','56748060','info@petsinc.com.mx','www.petsinc.com.mx','DIAZ GONZALEZ JAIME',1,3,5,0,275.00),(10,'CHINO CBB','PETS TOYS COOL BAO BAO','','NORTE 45 NO 1017 LOC 6','INDUSTRIAL VALLEJO','AZCAPOTZALCO','DISTRITO FEDERAL','02300','MÉXICO','53683483','coolbaobao_estrella@hotmail.com','www.coolbaobao.net','',1,4,30,19,507.00),(11,'DOGNESS','DOGNESS MEXICO','','','','QUERETARO','QUERETARO','','MEXICO','4422537888','ventas@ideascaninas.com.mx','www.ideascaninas.com.mx','ANTONIO BUSTO',1,11,15,9,1826.50),(12,'RECREO E','RECREO ENTRETENIMIENTO','','MONTE CAMERÚN 54 PISO 4','LOMAS DE BARRILACO','MEXICO','DISTRITO FEDERAL','11010','MÉXICO','63890058','','','',1,4,5,4,873.00),(13,'TOMI PETS','EDITH ROMERO GARDUÑO','','CEREZO MZ 23 LT 18','LA ERA','MÉXICO','DISTRITO FEDERAL','09720','MÉXICO','56921625','','','DANIELA DAZA',1,3,7,0,355.00),(14,'EL CAPRICO','MARIO ALBERTO DIAZ GONZÁLEZ','DIGM6107291A3','RIO FRIO  No 188, LOC B','MAGDALENA MIXHUCA','VENUSTIANO CARRANZA','D.F.','15850','MÉXICO ','26122295','','','VIRGINIA RAMIREZ',3,12,26,4,870.49),(15,'ROTA PET','MAYRA DAZA RAMIREZ','DARM81019E25','RIO FRIO  No 174, BIS','MAGDALENA MIXHUCA','VENUSTIANO CARRANZA','D.F.','15850','MÉXICO','(55)57682332','','','VICTOR MALDONADO',6,26,63,3,2673.10),(16,'PET SHOW','','','RIO FRIO  D/C','MAGDALENA MIXHUCA','VENUSTIANO CARRANZA','DISTRITO FEDERAL','15850','MÉXICO','','','','',5,8,23,4,381.00),(17,'TAISAC','ACUARIO TAISAC (AMIGUITO)','','RIO FRIO  No 3, ESQ F. DEL PASO ','MAGDALENA MIXHUCA','VENUSTIANO CARRANZA','DISTRITO FEDERAL','15850','MÉXICO','57457957','','','',1,4,4,0,200.00),(18,'GRAN CAN','','','RIO FRIO  No 188, LOC A','MAGDALENA MIXHUCA','VENUSTIANO CARRANZA','DISTRITO FEDERAL','15850','MÉXICO','55520123','leticiaguz@outlook.com','www.grancan.com.mx','JOSÉ LUIS SÁNCHEZ',4,16,27,1,1224.00),(19,'KAMILA','EL ÁNGEL DE TU MASCOTA','','RIO FRIO  No 1, ESQ.F DEL PASO ','MAGDALENA MIXHUCA','VENUSTIANO CARRANZA','DISTRITO FEDERAL','15850','MÉXICO','55520124','','','ANTONIO BERNARDO MORALES',3,10,27,11,929.00),(20,'LUPI PEZ','','','RIO FRIO  No 176, LOC A','MAGDALENA MIXHUCA','VENUSTIANO CARRANZA','DISTRITO FEDERAL','15850','MÉXICO','41950120','','','ANA,DON OSCAR',4,21,39,5,1646.50),(21,'PET PLANET','PET PLANET ACUARIUM','MAQ8009053C5','RIO FRIO  No 174','MAGDALENA MIXHUCA','VENUSTIANO CARRANZA','DISTRITO FEDERAL','15850','MÉXICO','26123769','','','VIRY',3,7,37,2,748.73),(22,'PATITOS','TIENDA P/MASCOTAS PATITOS','','RIO FRIO  No 176, LOC B','MAGDALENA MIXHUCA','','DISTRITO FEDERAL','15850','MÉXICO','65507960','tiendapatitos@outlook.com','','',1,1,3,0,90.00),(23,'RAY PET','ISMAEL ALVAREZ GUEVARA','','LABRADORES 82 , ESQ. IMPRENTA','MORELOS','VENUSTIANO CARRANZA','DISTRITO FEDERAL','1','MÉXICO','26164939','','','AMIGUITO',3,17,22,0,1370.00),(24,'FANTASY PETS','FANTASY PETS ','','PRIVADA COSNTITUCIÓN No 53','EL MANTE','GUADALAJARA','JALISCO','45235','MÉXICO','(0133) 36925183','fantasymundo@live.com','www.fantasymundoanimal.com','GUILLERMO CAMOU VALDÉZ',1,1,2,0,180.00);
/*!40000 ALTER TABLE `providers` ENABLE KEYS */;
UNLOCK TABLES;

--
-- Table structure for table `purchases`
--

DROP TABLE IF EXISTS `purchases`;
/*!40101 SET @saved_cs_client     = @@character_set_client */;
/*!40101 SET character_set_client = utf8 */;
CREATE TABLE `purchases` (
  `purchase_id` smallint(5) unsigned NOT NULL AUTO_INCREMENT,
  `folio` varchar(16) DEFAULT NULL,
  `fecha` date NOT NULL,
  `provider_id` smallint(5) unsigned NOT NULL,
  `price_total` decimal(8,2) NOT NULL,
  `priced` tinyint(1) NOT NULL,
  `products` smallint(6) NOT NULL,
  `articles` smallint(6) NOT NULL,
  `inventory` int(11) NOT NULL,
  PRIMARY KEY (`purchase_id`)
) ENGINE=InnoDB AUTO_INCREMENT=71 DEFAULT CHARSET=utf8;
/*!40101 SET character_set_client = @saved_cs_client */;

--
-- Dumping data for table `purchases`
--

LOCK TABLES `purchases` WRITE;
/*!40000 ALTER TABLE `purchases` DISABLE KEYS */;
INSERT INTO `purchases` VALUES (31,'123','2014-09-05',8,927.50,0,11,17,2),(32,'888','2014-09-04',9,275.00,0,3,5,0),(33,'','2014-09-04',10,507.00,0,4,30,19),(34,'1','2014-09-05',11,1826.50,0,11,15,9),(35,'312','2014-09-05',12,873.00,0,4,5,4),(36,'V336','2014-09-06',13,355.00,0,3,7,0),(37,'A9807','2014-10-04',15,416.20,0,7,11,0),(38,'VM382','2014-10-04',14,452.00,0,7,15,0),(39,'1111','2014-10-04',16,60.00,0,1,4,0),(40,'1112','2014-10-04',15,136.00,0,2,3,0),(41,'041014','2014-10-04',20,451.50,0,8,9,0),(42,'1689','2014-10-04',19,471.00,0,8,15,3),(43,'1410042','2014-10-04',16,151.00,0,4,10,2),(44,'229','2014-10-04',17,200.00,0,4,4,0),(45,'7457','2014-10-04',18,422.00,0,5,7,0),(46,'0063','2014-10-12',18,505.00,0,7,15,1),(47,'1518','2014-10-13',19,229.00,0,4,6,2),(49,'A9935','2014-10-13',15,322.50,0,5,8,0),(50,'A51418','2014-10-13',21,607.75,0,4,32,2),(51,'VM470','2014-10-13',14,147.49,0,3,6,2),(52,'254','2014-10-13',22,90.00,0,1,3,0),(53,'670','2014-10-13',23,395.00,0,7,7,0),(54,'VM577','2014-10-20',14,271.00,0,4,5,2),(55,'A10018','2014-10-20',15,723.70,0,5,10,3),(56,'','2014-10-20',20,166.00,0,3,4,0),(57,'857','2014-10-20',23,430.00,0,6,7,0),(58,'AQ201014','2014-10-20',18,80.00,0,1,1,0),(59,'','2014-10-20',16,70.00,0,1,1,0),(60,'A51786','2014-10-27',21,120.98,0,2,2,0),(61,'10102','2014-10-27',15,522.70,0,8,13,0),(62,'27102014','2014-10-27',16,60.00,0,1,4,0),(63,'261014','2014-10-27',20,596.00,0,5,13,0),(64,'890','2014-10-27',23,545.00,0,8,8,0),(65,'2710141','2014-10-27',24,180.00,0,1,2,0),(66,'0345','2014-11-03',18,217.00,0,4,4,0),(67,'0111141','2014-11-03',16,40.00,0,1,4,2),(68,'0111142','2014-11-03',21,20.00,0,1,3,0),(69,'A10190','2014-11-03',15,552.00,0,5,18,0),(70,'0111143','2014-11-03',20,433.00,0,7,13,5);
/*!40000 ALTER TABLE `purchases` ENABLE KEYS */;
UNLOCK TABLES;

--
-- Table structure for table `purchases_products`
--

DROP TABLE IF EXISTS `purchases_products`;
/*!40101 SET @saved_cs_client     = @@character_set_client */;
/*!40101 SET character_set_client = utf8 */;
CREATE TABLE `purchases_products` (
  `purchase_id` smallint(5) unsigned NOT NULL,
  `product_id` smallint(5) unsigned NOT NULL,
  `price` decimal(8,2) NOT NULL,
  `quantity` smallint(5) unsigned NOT NULL,
  `inventory` int(11) NOT NULL,
  PRIMARY KEY (`purchase_id`,`product_id`)
) ENGINE=InnoDB DEFAULT CHARSET=utf8;
/*!40101 SET character_set_client = @saved_cs_client */;

--
-- Dumping data for table `purchases_products`
--

LOCK TABLES `purchases_products` WRITE;
/*!40000 ALTER TABLE `purchases_products` DISABLE KEYS */;
INSERT INTO `purchases_products` VALUES (31,9,25.00,3,0),(31,10,25.00,4,0),(31,11,150.00,1,0),(31,12,130.00,1,0),(31,13,100.00,1,0),(31,14,100.00,1,0),(31,15,85.00,2,0),(31,16,35.00,1,0),(31,17,35.00,1,1),(31,18,35.00,1,1),(31,19,35.00,1,0),(32,20,55.00,1,0),(32,21,55.00,1,0),(32,22,55.00,3,0),(33,23,10.00,24,16),(33,24,24.00,3,1),(33,25,65.00,1,1),(33,26,65.00,2,1),(34,27,146.25,2,1),(34,28,130.00,2,2),(34,29,146.25,1,1),(34,30,130.00,1,0),(34,31,97.50,2,1),(34,32,117.00,2,1),(34,33,107.25,1,1),(34,34,94.25,1,0),(34,35,107.25,1,1),(34,36,113.75,1,0),(34,37,146.25,1,1),(35,38,249.00,1,0),(35,39,249.00,1,1),(35,40,249.00,1,1),(35,41,125.00,2,2),(36,42,55.00,3,0),(36,43,50.00,2,0),(36,44,45.00,2,0),(37,50,55.10,2,0),(37,51,35.00,2,0),(37,52,35.00,1,0),(37,53,35.00,1,0),(37,54,35.00,1,0),(37,84,36.50,3,0),(37,85,21.50,1,0),(38,45,27.50,4,0),(38,46,73.00,1,0),(38,47,23.00,2,0),(38,48,28.00,1,0),(38,49,36.00,1,0),(38,56,23.00,3,0),(38,57,30.00,3,0),(39,58,15.00,4,0),(40,59,60.00,1,0),(40,86,38.00,2,0),(41,55,19.50,2,0),(41,60,26.50,1,0),(41,61,30.00,1,0),(41,62,36.00,1,0),(41,63,55.00,1,0),(41,64,55.00,1,0),(41,65,95.00,1,0),(41,66,115.00,1,0),(42,67,26.00,2,0),(42,68,26.00,2,1),(42,69,26.00,2,0),(42,70,26.00,2,1),(42,87,49.00,1,0),(42,88,22.00,1,0),(42,89,30.00,3,1),(42,90,51.00,2,0),(43,71,25.00,4,2),(43,72,9.00,2,0),(43,73,9.00,2,0),(43,74,15.00,2,0),(44,75,45.00,1,0),(44,76,65.00,1,0),(44,77,40.00,1,0),(44,78,50.00,1,0),(45,79,120.00,2,0),(45,80,20.00,1,0),(45,81,20.00,1,0),(45,82,20.00,2,0),(45,83,102.00,1,0),(46,91,30.00,1,0),(46,92,30.00,1,0),(46,93,72.00,3,1),(46,94,16.00,3,0),(46,95,16.00,3,0),(46,96,16.00,3,0),(46,114,85.00,1,0),(47,67,26.00,2,1),(47,69,26.00,2,1),(47,97,27.00,1,0),(47,98,98.00,1,0),(49,52,35.00,1,0),(49,85,21.50,3,0),(49,91,35.00,1,0),(49,100,76.50,2,0),(49,102,35.00,1,0),(50,86,37.90,5,2),(50,103,3.50,20,0),(50,104,123.75,1,0),(50,105,37.50,6,0),(51,45,27.50,4,2),(51,106,13.50,1,0),(51,107,23.99,1,0),(52,108,30.00,3,0),(53,75,45.00,1,0),(53,76,65.00,1,0),(53,109,50.00,1,0),(53,110,65.00,1,0),(53,111,50.00,1,0),(53,112,60.00,1,0),(53,113,60.00,1,0),(54,45,21.50,2,2),(54,115,23.98,1,0),(54,116,24.49,1,0),(54,120,180.00,1,0),(55,84,36.50,2,2),(55,116,24.30,2,1),(55,117,32.50,2,0),(55,118,20.72,3,0),(55,119,474.94,1,0),(56,121,42.00,2,0),(56,122,47.00,1,0),(56,123,35.00,1,0),(57,112,60.00,1,0),(57,124,50.00,2,0),(57,125,60.00,1,0),(57,126,70.00,1,0),(57,128,65.00,1,0),(57,129,75.00,1,0),(58,131,80.00,1,0),(59,130,70.00,1,0),(60,132,60.49,1,0),(60,133,60.49,1,0),(61,42,35.00,1,0),(61,43,35.00,1,0),(61,44,35.00,2,0),(61,50,55.10,2,0),(61,132,60.50,1,0),(61,134,84.00,1,0),(61,135,26.00,3,0),(61,136,25.00,2,0),(62,141,15.00,4,0),(63,121,42.00,4,0),(63,137,39.50,2,0),(63,138,39.50,2,0),(63,139,90.00,1,0),(63,140,45.00,4,0),(64,51,45.00,1,0),(64,112,60.00,1,0),(64,128,65.00,1,0),(64,129,75.00,1,0),(64,142,80.00,1,0),(64,143,75.00,1,0),(64,144,70.00,1,0),(64,145,75.00,1,0),(65,146,90.00,2,0),(66,83,102.00,1,0),(66,147,20.00,1,0),(66,148,20.00,1,0),(66,149,75.00,1,0),(67,161,10.00,4,2),(68,154,6.66,3,0),(69,85,21.50,3,0),(69,117,32.50,3,0),(69,150,70.00,1,0),(69,151,7.00,10,0),(69,153,250.00,1,0),(70,20,30.00,1,1),(70,21,30.00,2,1),(70,22,30.00,1,1),(70,140,45.00,3,0),(70,158,30.00,1,0),(70,159,110.00,1,0),(70,160,9.50,4,2);
/*!40000 ALTER TABLE `purchases_products` ENABLE KEYS */;
UNLOCK TABLES;

--
-- Table structure for table `users`
--

DROP TABLE IF EXISTS `users`;
/*!40101 SET @saved_cs_client     = @@character_set_client */;
/*!40101 SET character_set_client = utf8 */;
CREATE TABLE `users` (
  `user_id` smallint(5) unsigned NOT NULL AUTO_INCREMENT,
  `first_name` varchar(16) NOT NULL,
  `last_name` varchar(16) NOT NULL,
  `email` varchar(100) NOT NULL,
  `passwd` char(40) NOT NULL,
  PRIMARY KEY (`user_id`)
) ENGINE=InnoDB DEFAULT CHARSET=utf8;
/*!40101 SET character_set_client = @saved_cs_client */;

--
-- Dumping data for table `users`
--

LOCK TABLES `users` WRITE;
/*!40000 ALTER TABLE `users` DISABLE KEYS */;
/*!40000 ALTER TABLE `users` ENABLE KEYS */;
UNLOCK TABLES;
/*!40103 SET TIME_ZONE=@OLD_TIME_ZONE */;

/*!40101 SET SQL_MODE=@OLD_SQL_MODE */;
/*!40014 SET FOREIGN_KEY_CHECKS=@OLD_FOREIGN_KEY_CHECKS */;
/*!40014 SET UNIQUE_CHECKS=@OLD_UNIQUE_CHECKS */;
/*!40101 SET CHARACTER_SET_CLIENT=@OLD_CHARACTER_SET_CLIENT */;
/*!40101 SET CHARACTER_SET_RESULTS=@OLD_CHARACTER_SET_RESULTS */;
/*!40101 SET COLLATION_CONNECTION=@OLD_COLLATION_CONNECTION */;
/*!40111 SET SQL_NOTES=@OLD_SQL_NOTES */;

-- Dump completed on 2014-11-04 23:42:23
